titulo;precio;categoria;link;img
Xiaomi Redmi Note 8 4GB 64GB 48MP M1908C...;S/ 549.00;Celulares y Tablets;https:/p/xiaomi-redmi-note-8-4gb-64gb-48mp-m1908c3jg-4000mah-smartphone-azul-s1dntl?qid=db49a19d876710ea2f3908d975562522&oid=XI061EL0QHV60LPE&position=1&sku=XI061EL0QHV60LPE;63912b074cd043b846c95703fd8d895a-catalog.jpg
Xiaomi Redmi Note 8 4GB 64GB M1908C3JG 4...;S/ 549.00;Celulares y Tablets;https:/p/xiaomi-redmi-note-8-4gb-64gb-m1908c3jg-4000mah-smartphone-blanco-x16kih?qid=db49a19d876710ea2f3908d975562522&oid=XI061EL07FZT4LPE&position=2&sku=XI061EL07FZT4LPE;6a0b82874f54a683cb1990b24f69fe07-catalog.jpg
Xiaomi Redmi Note 8 4GB 64GB 48MP M1908C...;S/ 549.00;Celulares y Tablets;https:/p/xiaomi-redmi-note-8-4gb-64gb-48mp-m1908c3jg-4000mah-smartphone-negro-wxlyw3?qid=db49a19d876710ea2f3908d975562522&oid=XI061EL0AYGA0LPE&position=3&sku=XI061EL0AYGA0LPE;c46530b12f98712964b0c81347f911c9-catalog.jpg
Xiaomi Redmi Note 8 4GB 128GB M1908C3JG...;S/ 619.00;Celulares y Tablets;https:/p/xiaomi-redmi-note-8-4gb-128gb-m1908c3jg-smartphone-azul-lf8al5?qid=db49a19d876710ea2f3908d975562522&oid=XI061EL1ELOOGLPE&position=4&sku=XI061EL1ELOOGLPE;4abaea140266688324a202907bd290f2-catalog.jpg
Samsung Galaxy A71 128GB/6GB Dual Sim Ne...;S/ 1,499.00;Celulares y Tablets;https:/p/samsung-galaxy-a71-128gb-6gb-dual-sim-negro-ymuxqp?qid=db49a19d876710ea2f3908d975562522&oid=SA026EL03B2PELPE&position=5&sku=SA026EL03B2PELPE;92fbc53001d0ab22fc5d173522eff711-catalog.jpg
iPhone 11 64 GB Single Sim-White;S/ 3,199.00;Celulares y Tablets;https:/p/iphone-11-64-gb-single-sim-white-vdni30?qid=db49a19d876710ea2f3908d975562522&oid=AP032EL0D77GCLPE&position=6&sku=AP032EL0D77GCLPE;4f95224a93dfa15c8768c04739523a77-catalog.jpg
iPhone 11 64 GB Single Sim-Purple;S/ 3,199.00;Celulares y Tablets;https:/p/iphone-11-64-gb-single-sim-purple-wzdwla?qid=db49a19d876710ea2f3908d975562522&oid=AP032EL097O0KLPE&position=7&sku=AP032EL097O0KLPE;6ad28232e888ef110c0f0b81a94cca0f-catalog.jpg
Samsung Galaxy S10+ Plus Negro 128GB 8GB...;S/ 2,399.00;Celulares y Tablets;https:/p/samsung-galaxy-s10-plus-negro-128gb-8gb-ram-s35usx?qid=db49a19d876710ea2f3908d975562522&oid=SA026EL0OK7AOLPE&position=8&sku=SA026EL0OK7AOLPE;ef49a2e8806137f368239320d2939b35-catalog.jpg
"Redmi 8 6.22"" HD+ 4 + 64GB 12MP Camera 4...";S/ 459.00;Celulares y Tablets;https:/p/redmi-8-622-hd-4-64gb-12mp-camera-4g-lte-smartphone-azul-ldce61?qid=db49a19d876710ea2f3908d975562522&oid=XI061EL1G79U2LPE&position=9&sku=XI061EL1G79U2LPE;448038d29f5a64f0f841011017160251-catalog.jpg
Smartwatch Huawei Watch GT2 46mm Matte B...;S/ 629.00;Celulares y Tablets;https:/p/smartwatch-huawei-watch-gt2-46mm-matte-black-jthkis?qid=db49a19d876710ea2f3908d975562522&oid=HU445EL1IFWOKLPE&position=10&sku=HU445EL1IFWOKLPE;a89cb0155f9ebe7180537d29c50c638e-catalog.jpg
HUAWEI Tablet T5-10 3GRAM +32G - Negro;S/ 599.00;Celulares y Tablets;https:/p/huawei-tablet-t5-10-3gram-32g-negro-lemy3c?qid=db49a19d876710ea2f3908d975562522&oid=HU445EL1EZTV0LPE&position=11&sku=HU445EL1EZTV0LPE;a52a62e4585cdbf806628ff4d56a772d-catalog.jpg
Xiaomi Redmi Note 8 4GB 64GB 48MP 4000mA...;S/ 739.00;Celulares y Tablets;https:/p/xiaomi-redmi-note-8-4gb-64gb-48mp-4000mah-ca-maras-smartphone-azul-onbudr?qid=db49a19d876710ea2f3908d975562522&oid=XI061EL156TRCLPE&position=12&sku=XI061EL156TRCLPE;1994188dbc6770e80c01e62c80cf8da2-catalog.jpg
New Edition Huawei P30 Lite 6gb Ram 256g...;S/ 1,165.00;Celulares y Tablets;https:/p/new-edition-huawei-p30-lite-6gb-ram-256gb-piedra-luna-s1bnbm?qid=db49a19d876710ea2f3908d975562522&oid=HU445EL0QA4JQLPE&position=13&sku=HU445EL0QA4JQLPE;550b6a77326604c0454a256a0aa209cb-catalog.jpg
Huawei P30 Lite 128GB 4GB Ram - Blue;S/ 889.00;Celulares y Tablets;https:/p/huawei-p30-lite-128gb-4gb-ram-blue-x012p8?qid=db49a19d876710ea2f3908d975562522&oid=HU445EL08JXDMLPE&position=14&sku=HU445EL08JXDMLPE;11f28238425fda75a0474640404a7bdf-catalog.jpg
Xiaomi Redmi 8A 32GB Negro;S/ 489.00;Celulares y Tablets;https:/p/xiaomi-redmi-8a-32gb-negro-n3yg1o?qid=db49a19d876710ea2f3908d975562522&oid=6V2SZ731Y3A76941059630593&position=15&sku=XI061EL16VPNOLPE;c6f1c4a63a171e3debba39487597a1ec-catalog.jpg
Xiaomi Mi Note 10 6GB RAM 128GB ROM - VE...;S/ 1,798.00;Celulares y Tablets;https:/p/xiaomi-mi-note-10-6gb-ram-128gb-rom-verde-version-global-jp81jm?qid=db49a19d876710ea2f3908d975562522&oid=XI061EL1ME57QLPE&position=16&sku=XI061EL1ME57QLPE;e4f773cc59589b510f65630a3b87bcc7-catalog.jpg
Xiaomi Redmi Note 8 4GB 64GB 48MP 4000mA...;S/ 739.00;Celulares y Tablets;https:/p/xiaomi-redmi-note-8-4gb-64gb-48mp-4000mah-ca-maras-smartphone-blanco-lh0m85?qid=db49a19d876710ea2f3908d975562522&oid=XI061EL1CE66GLPE&position=17&sku=XI061EL1CE66GLPE;5faef98623062d40ccc6957e6a21ec15-catalog.jpg
Xiaomi Mi Note 10 PRO 256GB ROM / 8GB RA...;S/ 2,199.00;Celulares y Tablets;https:/p/xiaomi-mi-note-10-pro-256gb-rom-8gb-ram-versio-n-global-verde-qarnkj?qid=db49a19d876710ea2f3908d975562522&oid=XI061EL0Z5F82LPE&position=18&sku=XI061EL0Z5F82LPE;a3535ada148b5a826815e6a9b2843295-catalog.jpg
Smartphone Xiaomi, Mi 9, 128GB ROM, 6G R...;S/ 2,000.00;Celulares y Tablets;https:/p/smartphone-xiaomi-mi-9-128gb-rom-6g-ram-dual-sim-desbloqueado-s0pris?qid=db49a19d876710ea2f3908d975562522&oid=XI061EL0QTO92LPE&position=19&sku=XI061EL0QTO92LPE;e91d08e25e4b86806768fccbbe09c137-catalog.jpg
XIaomi Redmi Note 8 PRO 64GB/6GB VERSION...;S/ 969.00;Celulares y Tablets;https:/p/xiaomi-redmi-note-8-pro-64gb-6gb-version-global-dual-sim-verde-s2ilmk?qid=db49a19d876710ea2f3908d975562522&oid=XI061EL0P09BALPE&position=20&sku=XI061EL0P09BALPE;1faeafeee1765f45bea3bd79096e4600-catalog.jpg
Xiaomi Mi Note 10 Pro 8GB 256GB 108MP Cá...;S/ 2,029.00;Celulares y Tablets;https:/p/xiaomi-mi-note-10-pro-8gb-256gb-108mp-ca-mara-4g-smartphone-negro-v9e0mj?qid=db49a19d876710ea2f3908d975562522&oid=XI061EL0HBG42LPE&position=21&sku=XI061EL0HBG42LPE;9383315a0fbc4d19c242de6fe7f2a4fd-catalog.jpg
Samsung Galaxy A71 128GB 6GB RAM - Negro;S/ 1,450.00;Celulares y Tablets;https:/p/samsung-galaxy-a71-128gb-6gb-ram-negro-jqelxq?qid=db49a19d876710ea2f3908d975562522&oid=SA026EL1LABKMLPE&position=22&sku=SA026EL1LABKMLPE;926ee4beb576f352dcec51951a6a7691-catalog.jpg
Samsung Galaxy A51 128GB/4GB LIBRE DE FA...;S/ 1,079.00;Celulares y Tablets;https:/p/samsung-galaxy-a51-128gb-4gb-libre-de-fabrica-azul-jsspgk?qid=db49a19d876710ea2f3908d975562522&oid=SA026EL1J1GXALPE&position=23&sku=SA026EL1J1GXALPE;b1e5783cd838e4e21721f9dc4b62842b-catalog.jpg
Samsung Galaxy Note 10+ Plus 256GB Ram 1...;S/ 3,458.99;Celulares y Tablets;https:/p/samsung-galaxy-note-10-plus-256gb-ram-12gb-dual-sim-glow-oncum8?qid=db49a19d876710ea2f3908d975562522&oid=SA026EL15E0XMLPE&position=24&sku=SA026EL15E0XMLPE;31a25cd07299bac50d2d696eebe2316c-catalog.jpg
Samsung Galaxy A51 128GB/GB- NEGRO;S/ 1,059.00;Celulares y Tablets;https:/p/samsung-galaxy-a51-128gb-gb-negro-ryc8sc?qid=db49a19d876710ea2f3908d975562522&oid=SA026EL0TFYJILPE&position=25&sku=SA026EL0TFYJILPE;a46bca321dc4cf7af10c3b435499af10-catalog.jpg
Samsung Galaxy A51 128GB/GB - BLANCO Dua...;S/ 1,089.00;Celulares y Tablets;https:/p/samsung-galaxy-a51-128gb-gb-blanco-dual-sim-tmgkpn?qid=db49a19d876710ea2f3908d975562522&oid=SA026EL0MNVKYLPE&position=26&sku=SA026EL0MNVKYLPE;fc515992ab4b6beb15135795023590ab-catalog.jpg
HUAWEI Y9S 128GB 6GB - AZUL;S/ 1,029.00;Celulares y Tablets;https:/p/huawei-y9s-128gb-6gb-azul-to9bp8?qid=db49a19d876710ea2f3908d975562522&oid=SA026EL0L3W2MLPE&position=27&sku=SA026EL0L3W2MLPE;b92bc12d33f9a8c1296fb5057b08732b-catalog.jpg
Samsung Galaxy S20 128GB 8GB RAM - Rosad...;S/ 3,699.00;Celulares y Tablets;https:/p/samsung-galaxy-s20-128gb-8gb-ram-rosado-touhaz?qid=db49a19d876710ea2f3908d975562522&oid=SA026EL0KAJTMLPE&position=28&sku=SA026EL0KAJTMLPE;378e842f98a0e5099bc08cdcbeb7277e-catalog.jpg
Huawei P Smart 2019 64GB Ram 3GB - Negro;S/ 615.00;Celulares y Tablets;https:/p/huawei-p-smart-2019-64gb-ram-3gb-negro-qegh4w?qid=db49a19d876710ea2f3908d975562522&oid=HU445EL0W4R8YLPE&position=29&sku=HU445EL0W4R8YLPE;da89b0d9897b96f00dab7fb9acfc8016-catalog.jpg
Huawei P30 Lite 128GB Ram 4GB Dual Sim -...;S/ 905.00;Celulares y Tablets;https:/p/huawei-p30-lite-128gb-ram-4gb-dual-sim-azul-tn657e?qid=db49a19d876710ea2f3908d975562522&oid=HU445EL0MAEAYLPE&position=30&sku=HU445EL0MAEAYLPE;26d35fb7fbd46e80bd498037cd60b223-catalog.jpg
Smartwatch Apple Watch Series 5 44mm (Ni...;S/ 2,589.00;Celulares y Tablets;https:/p/smartwatch-apple-watch-series-5-44mm-nike-gps-celular--n2r3tv?qid=db49a19d876710ea2f3908d975562522&oid=AP032EL18BMK8LPE&position=31&sku=AP032EL18BMK8LPE;9fb3c8be6e836442ee5ef6d4268048a9-catalog.jpg
iPhone XR 64 GB - Negro;S/ 2,579.00;Celulares y Tablets;https:/p/iphone-xr-64-gb-negro-x01ws1?qid=db49a19d876710ea2f3908d975562522&oid=AP032EL08OC92LPE&position=32&sku=AP032EL08OC92LPE;069370b2f398ef1024699cdaf5b518e9-catalog.jpg
Redmi Airdots+Xiaomi Band4 Sport Auricul...;S/ 159.00;Celulares y Tablets;https:/p/redmi-airdots-xiaomi-band4-sport-auricular-bluetooth-impermeable-negro-jsa0ls?qid=db49a19d876710ea2f3908d975562522&oid=XI061EL1JRJYKLPE&position=33&sku=XI061EL1JRJYKLPE;b9e105c8ce5af941ece8cc5a29597747-catalog.jpg
Xiaomi Redmi Note 8 4GB 64GB 48MP Smartp...;S/ 619.00;Celulares y Tablets;https:/p/xiaomi-redmi-note-8-4gb-64gb-48mp-smartphone-redmi-airdots-azul-qc0lkv?qid=db49a19d876710ea2f3908d975562522&oid=XI061EL0YC248LPE&position=34&sku=XI061EL0YC248LPE;e4d3eb24ddfd48e8e69321afee20cf58-catalog.jpg
Xiaomi Redmi Airdots Auriculares_Negro +...;S/ 158.00;Celulares y Tablets;https:/p/xiaomi-redmi-airdots-auriculares-negro-xiaomi-mi-band-4-negro-s1dxv2?qid=db49a19d876710ea2f3908d975562522&oid=XI061EL0QH68SLPE&position=35&sku=XI061EL0QH68SLPE;1de640ef2d6cd54f94dc9be905d62557-catalog.jpg
Xiaomi Redmi Note 8 4GB 128GB 48MP Smart...;S/ 689.00;Celulares y Tablets;https:/p/xiaomi-redmi-note-8-4gb-128gb-48mp-smartphone-redmi-airdots-azul-yo31p3?qid=db49a19d876710ea2f3908d975562522&oid=XI061EL026V60LPE&position=36&sku=XI061EL026V60LPE;7cd6ddcc75a809923fb59056d9f6fd86-catalog.jpg
Celular Redmi 8A 32GB Negro - Gran Bater...;S/ 499.00;Celulares y Tablets;https:/p/celular-redmi-8a-32gb-negro-gran-bateri-a-de-5000mah-qefho8?qid=db49a19d876710ea2f3908d975562522&oid=XI061EL0VV7W4LPE&position=37&sku=XI061EL0VV7W4LPE;47eae5f950757a5a27018df45a5831fb-catalog.jpg
"Xiaomi Redmi 8A 6.22"" HD+ 2GB + 32GB M19...";S/ 359.00;Celulares y Tablets;https:/p/xiaomi-redmi-8a-622-hd-2gb-32gb-m1908c3kg-smartphone-azul-vdn8rv?qid=db49a19d876710ea2f3908d975562522&oid=XI061EL0DKJ08LPE&position=38&sku=XI061EL0DKJ08LPE;9686f80ded0ea14c82b6e0c301288fe0-catalog.jpg
HUAWEI Tablet T5 10 3G+32G - Azul;S/ 609.00;Celulares y Tablets;https:/p/huawei-tablet-t5-10-3g-32g-azul-n0dv4u?qid=db49a19d876710ea2f3908d975562522&oid=HU445EL1AV3P0LPE&position=39&sku=HU445EL1AV3P0LPE;1b017e2f1745bc3f46807b4446f398e4-catalog.jpg
XIAOMI REDMI 8 + 32GB + 3GB RAM + 12MP +...;S/ 519.00;Celulares y Tablets;https:/p/xiaomi-redmi-8-32gb-3gb-ram-12mp-2mp-mica-vidrio-9d-lgybng?qid=db49a19d876710ea2f3908d975562522&oid=XI061EL1CHTWELPE&position=40&sku=XI061EL1CHTWELPE;61075b2bbfd5a7479d45262c95c0f5a8-catalog.jpg
Xiaomi Redmi Note 8 4GB 64GB 48MP Smartp...;S/ 619.00;Celulares y Tablets;https:/p/xiaomi-redmi-note-8-4gb-64gb-48mp-smartphone-redmi-airdots-blanco-vcfji5?qid=db49a19d876710ea2f3908d975562522&oid=XI061EL0EIOSGLPE&position=41&sku=XI061EL0EIOSGLPE;9276803e6e800330602187b57423ffc3-catalog.jpg
Xiaomi Redmi Note 8 4GB RAM 64GB ROM  VE...;S/ 741.00;Celulares y Tablets;https:/p/xiaomi-redmi-note-8-4gb-ram-64gb-rom-version-global-azul-audifonos-de-regalo-yngfna?qid=db49a19d876710ea2f3908d975562522&oid=XI061EL02TA72LPE&position=42&sku=XI061EL02TA72LPE;6eae1040a142c2437fe9b8abc60c8a65-catalog.jpg
Power Bank Xiaomi Redmi Cargador Portati...;S/ 89.00;Celulares y Tablets;https:/p/power-bank-xiaomi-redmi-cargador-portatil-20000mah-fast-charger-18w-tipo-c-jpb1ij?qid=db49a19d876710ea2f3908d975562522&oid=XI061EL1MT2BKLPE&position=43&sku=XI061EL1MT2BKLPE;37371624305894117759f547ee9049ec-catalog.jpg
Xiaomi Huami Amazfit Bip Lite Bluetooth...;S/ 176.00;Celulares y Tablets;https:/p/xiaomi-huami-amazfit-bip-lite-bluetooth-40-sports-reloj-inteligente-yl524n?qid=db49a19d876710ea2f3908d975562522&oid=XI061EL050K4GLPE&position=44&sku=XI061EL050K4GLPE;faf754a17015dcc39eda41465ad49df0-catalog.jpg
"Xiaomi Redmi 8A 6.22"" HD+ 2GB + 32GB M19...";S/ 359.00;Celulares y Tablets;https:/p/xiaomi-redmi-8a-622-hd-2gb-32gb-m1908c3kg-smartphone-negro-tnq5uz?qid=db49a19d876710ea2f3908d975562522&oid=XI061EL0LWLH4LPE&position=45&sku=XI061EL0LWLH4LPE;e40e81e45a2ade845bb668746641c545-catalog.jpg
Huawei P30 Lite 6.15 pulgadas 4GB + 128G...;S/ 1,044.00;Celulares y Tablets;https:/p/huawei-p30-lite-615-pulgadas-4gb-128gb-negro-lfttb3?qid=db49a19d876710ea2f3908d975562522&oid=GE582EL1DQTQ0LPE&position=46&sku=GE582EL1DQTQ0LPE;fb2512b8bed2cc1239be1b991793debe-catalog.jpg
Apple Audífonos AirPods 2nda Generación;S/ 699.00;Celulares y Tablets;https:/p/apple-audi-fonos-airpods-2nda-generacio-n-yo2lhg?qid=db49a19d876710ea2f3908d975562522&oid=AP032EL0291YELPE&position=47&sku=AP032EL0291YELPE;81b6182ebf7aff720dce9724ddd678fe-catalog.jpg
Xiaomi Redmi Note 8 4GB 64GB 48MP 4000mA...;S/ 739.00;Celulares y Tablets;https:/p/xiaomi-redmi-note-8-4gb-64gb-48mp-4000mah-ca-maras-smartphone-negro-n3yj45?qid=db49a19d876710ea2f3908d975562522&oid=XI061EL1719QGLPE&position=48&sku=XI061EL1719QGLPE;439638d23a24cd55d81af6ba0c16823b-catalog.jpg
Xiaomi Combo Audífonos EarBuds(Redmi Air...;S/ 186.90;Celulares y Tablets;https:/p/xiaomi-combo-audi-fonos-earbuds-redmi-airdots-mi-band-4-mochila-negro-tphb0n?qid=db49a19d876710ea2f3908d975562522&oid=XI061EL0K0ZOGLPE&position=49&sku=XI061EL0K0ZOGLPE;86957572722fa19f3c06fb5034afe1c3-catalog.jpg
Samsung Galaxy A30s 64GB 4GB RAM- NEGRO;S/ 999.00;Celulares y Tablets;https:/p/samsung-galaxy-a30s-64gb-4gb-ram-negro-oq99w7?qid=db49a19d876710ea2f3908d975562522&oid=SA026EL12C3XELPE&position=50&sku=SA026EL12C3XELPE;c0bdc419d0fafaf4fec78722bc59ac61-catalog.jpg
Samsung Galaxy A71 128GB/6GB LIBRE DE FA...;S/ 1,499.00;Celulares y Tablets;https:/p/samsung-galaxy-a71-128gb-6gb-libre-de-fabrica-blanco-vb6yjj?qid=db49a19d876710ea2f3908d975562522&oid=SA026EL0FVXY2LPE&position=51&sku=SA026EL0FVXY2LPE;93391ad5723690c0139d302bde9707d2-catalog.jpg
Samsung Galaxy A51 128GB 4GB RAM Libre d...;S/ 1,089.00;Celulares y Tablets;https:/p/samsung-galaxy-a51-128gb-4gb-ram-libre-de-fa-brica-azul-ve6nwa?qid=db49a19d876710ea2f3908d975562522&oid=SA026EL0CKXX2LPE&position=52&sku=SA026EL0CKXX2LPE;e674342d691907a88014b4e35da8b35e-catalog.jpg
Samsung Galaxy A30s 64GB 4GB RAM- VIOLET...;S/ 810.00;Celulares y Tablets;https:/p/samsung-galaxy-a30s-64gb-4gb-ram-violeta-yp922y?qid=db49a19d876710ea2f3908d975562522&oid=SA026EL00P5GELPE&position=53&sku=SA026EL00P5GELPE;5d596ac19d8be78808382cce64043b9e-catalog.jpg
Huawei P Smart 2019 64GB Ram 3GB - NEGRO;S/ 597.50;Celulares y Tablets;https:/p/huawei-p-smart-2019-64gb-ram-3gb-negro-x190i8?qid=db49a19d876710ea2f3908d975562522&oid=HU445EL078NZMLPE&position=54&sku=HU445EL078NZMLPE;dd706696df552dc2bfd21679274e40bc-catalog.jpg
Huawei P30 Lite 6.15 pulgadas 4GB + 128G...;S/ 1,044.00;Celulares y Tablets;https:/p/huawei-p30-lite-615-pulgadas-4gb-128gb-ynj5nj?qid=db49a19d876710ea2f3908d975562522&oid=GE582EL02PKXKLPE&position=55&sku=GE582EL02PKXKLPE;8ea34a36443bf6e11070866012b303ff-catalog.jpg
Xiaomi Mi 9T 128Gb  - AZUL;S/ 1,189.00;Celulares y Tablets;https:/p/xiaomi-mi-9t-128gb-azul-jptxat?qid=db49a19d876710ea2f3908d975562522&oid=XI061EL1M7GEALPE&position=56&sku=XI061EL1M7GEALPE;a22d0aa6382e0ac801af93fa98b606f0-catalog.jpg
Xiaomi Mi 9T  6GB RAM +64GB ROM M1906F9S...;S/ 1,599.00;Celulares y Tablets;https:/p/xiaomi-mi-9t-6gb-ram-64gb-rom-m1906f9sh-negro-n54otx?qid=db49a19d876710ea2f3908d975562522&oid=XI061EL161K8OLPE&position=57&sku=XI061EL161K8OLPE;47d260d5daf5dd6bd2c13513a001ffda-catalog.jpg
Xiaomi Mi Note 10 128GB/6GB VERSION GLOB...;S/ 1,789.00;Celulares y Tablets;https:/p/xiaomi-mi-note-10-128gb-6gb-version-global-dual-sim-negro-n53j6u?qid=db49a19d876710ea2f3908d975562522&oid=XI061EL15VVJILPE&position=58&sku=XI061EL15VVJILPE;9007dfa2b4d1834429e06359cbb26b84-catalog.jpg
COMBO Xiaomi Redmi Note 8 64GB Azul + Mi...;S/ 979.00;Celulares y Tablets;https:/p/combo-xiaomi-redmi-note-8-64gb-azul-mi-band-4-earbuds-airdots--on8qgf?qid=db49a19d876710ea2f3908d975562522&oid=XI061EL15IPP6LPE&position=59&sku=XI061EL15IPP6LPE;01cb5896ebd6af265cd944b69dc6b30d-catalog.jpg
Xiaomi Redmi Note 8 3GB 32GB 48MP M1908C...;S/ 549.00;Celulares y Tablets;https:/p/xiaomi-redmi-note-8-3gb-32gb-48mp-m1908c3jg-4g-lte-smartphone-blanco-qfj91e?qid=db49a19d876710ea2f3908d975562522&oid=XI061EL0UESJYLPE&position=60&sku=XI061EL0UESJYLPE;7233662b5c135679092cf377c195d1c0-catalog.jpg
Samsung Galaxy S20+ Plus 128GB Ram 8GB D...;S/ 3,879.99;Celulares y Tablets;https:/p/samsung-galaxy-s20-plus-128gb-ram-8gb-dual-sim-gris-vb96t1?qid=f576cf26a7a53abe6fecc01ab946fd34&oid=XI061EL0FQSLKLPE&position=61&sku=XI061EL0FQSLKLPE;86315f507ee3e11a6296f62c0db3d273-catalog.jpg
Xiaomi Redmi Note 8 pro 6gb-128gb -versi...;S/ 1,049.00;Celulares y Tablets;https:/p/xiaomi-redmi-note-8-pro-6gb-128gb-version-global-blanco-ve78qi?qid=f576cf26a7a53abe6fecc01ab946fd34&oid=XI061EL0CJLGCLPE&position=62&sku=XI061EL0CJLGCLPE;ee89a98c0f2d05eecb7bb1802b352525-catalog.jpg
Samsung Galaxy Note 10+ Plus 256GB Ram 1...;S/ 3,438.99;Celulares y Tablets;https:/p/samsung-galaxy-note-10-plus-256gb-ram-12gb-dual-sim-negro-jpd879?qid=f576cf26a7a53abe6fecc01ab946fd34&oid=SA026EL1MWXCULPE&position=63&sku=SA026EL1MWXCULPE;51a0c4e9ac0645d96b110a289a57f8f4-catalog.jpg
Samsung Galaxy A71 128GB/6GB LIBRE DE FA...;S/ 1,449.90;Celulares y Tablets;https:/p/samsung-galaxy-a71-128gb-6gb-libre-de-fabrica-negro-jr19h7?qid=f576cf26a7a53abe6fecc01ab946fd34&oid=SA026EL1L29DELPE&position=64&sku=SA026EL1L29DELPE;01795440d010c605a03b7ecb6d129d8d-catalog.jpg
Samsung Galaxy S20 Plus 128GB 8GB RAM -...;S/ 4,799.00;Celulares y Tablets;https:/p/samsung-galaxy-s20-plus-128gb-8gb-ram-negro-jrmecb?qid=f576cf26a7a53abe6fecc01ab946fd34&oid=SA026EL1K0K4ALPE&position=65&sku=SA026EL1K0K4ALPE;192e6458dab1c8c360c49cf8f1d03471-catalog.jpg
Samsung Galaxy A30s 64GB/4GB NEGRO;S/ 785.00;Celulares y Tablets;https:/p/samsung-galaxy-a30s-64gb-4gb-negro-jstbtk?qid=f576cf26a7a53abe6fecc01ab946fd34&oid=SA026EL1J5WNALPE&position=66&sku=SA026EL1J5WNALPE;101bbb6aba4eb778faeea7fcebf136dc-catalog.jpg
Samsung Galaxy A71 128GB/6GB LIBRE DE FA...;S/ 1,488.99;Celulares y Tablets;https:/p/samsung-galaxy-a71-128gb-6gb-libre-de-fabrica-negro-jssk24?qid=f576cf26a7a53abe6fecc01ab946fd34&oid=SA026EL1J0UJQLPE&position=67&sku=SA026EL1J0UJQLPE;c787c59a32ab77ec430a991f77d3a91a-catalog.jpg
SAMSUNG A51 128GB 4GB RAM- VERDE + Audif...;S/ 1,149.00;Celulares y Tablets;https:/p/samsung-a51-128gb-4gb-ram-verde-audifonos-bluetooth-jtf4ko?qid=f576cf26a7a53abe6fecc01ab946fd34&oid=SA026EL1ICI06LPE&position=68&sku=SA026EL1ICI06LPE;1efd9d9654c649e062fef79d5133aed5-catalog.jpg
Xiaomi Redmi Note 8 PRO 128GB/6GB VERSIO...;S/ 1,098.99;Celulares y Tablets;https:/p/xiaomi-redmi-note-8-pro-128gb-6gb-version-global-dual-sim-verde-le3mvz?qid=f576cf26a7a53abe6fecc01ab946fd34&oid=SA026EL1FH78MLPE&position=69&sku=SA026EL1FH78MLPE;24d4f7cdb7428070d53e1eb4faffb9ca-catalog.jpg
Samsung Galaxy A51 128GB/4GB LIBRE DE FA...;S/ 1,098.99;Celulares y Tablets;https:/p/samsung-galaxy-a51-128gb-4gb-libre-de-fabrica-azul-lf6loz?qid=f576cf26a7a53abe6fecc01ab946fd34&oid=SA026EL1E49ZMLPE&position=70&sku=SA026EL1E49ZMLPE;41926ca654f74a3153ae234fbb55e25d-catalog.jpg
SAMSUNG A51 128GB 4GB RAM - NEGRO;S/ 1,077.00;Celulares y Tablets;https:/p/samsung-a51-128gb-4gb-ram-negro-lgbyvi?qid=f576cf26a7a53abe6fecc01ab946fd34&oid=SA026EL1D1UKULPE&position=71&sku=SA026EL1D1UKULPE;5d7f6fa41dabb4824e1844e96033f7e1-catalog.jpg
Samsung Galaxy S10+ Plus 128GB/8GB + Reg...;S/ 2,798.99;Celulares y Tablets;https:/p/samsung-galaxy-s10-plus-128gb-8gb-regalo-microsd-128gb-negro-lh1uyq?qid=f576cf26a7a53abe6fecc01ab946fd34&oid=SA026EL1CGUJMLPE&position=72&sku=SA026EL1CGUJMLPE;52adf01265cf0e3f1c646646e74e878e-catalog.jpg
Samsung Galaxy A70 128GB RAM 6GB - Negro;S/ 1,239.00;Celulares y Tablets;https:/p/samsung-galaxy-a70-128gb-ram-6gb-negro-lhnm68?qid=f576cf26a7a53abe6fecc01ab946fd34&oid=SA026EL1BNVHMLPE&position=73&sku=SA026EL1BNVHMLPE;f795bcb6fea6277d6bffe85824ec57c6-catalog.jpg
Samsung Galaxy A30s 64GB/4GB MORADO;S/ 786.00;Celulares y Tablets;https:/p/samsung-galaxy-a30s-64gb-4gb-morado-n0wynd?qid=f576cf26a7a53abe6fecc01ab946fd34&oid=SA026EL1A56WQLPE&position=74&sku=SA026EL1A56WQLPE;39d251dede27d466324048f6ce3fd143-catalog.jpg
SAMSUNG A51 128GB 4GB RAM - NEGRO;S/ 1,089.00;Celulares y Tablets;https:/p/samsung-a51-128gb-4gb-ram-negro-n2470k?qid=f576cf26a7a53abe6fecc01ab946fd34&oid=SA026EL18O7FALPE&position=75&sku=SA026EL18O7FALPE;6c4ae0b9c3be19cdd5a26f696354eb61-catalog.jpg
Samsung Galaxy A71 128GB/6GB LIBRE DE FA...;S/ 1,489.99;Celulares y Tablets;https:/p/samsung-galaxy-a71-128gb-6gb-libre-de-fabrica-blanco-n2p5md?qid=f576cf26a7a53abe6fecc01ab946fd34&oid=SA026EL189OCQLPE&position=76&sku=SA026EL189OCQLPE;aa39cdfaab4ddf7cb92598c18c825d81-catalog.jpg
Samsung A50 128GB 4GB RAM - NEGRO;S/ 999.00;Celulares y Tablets;https:/p/samsung-a50-128gb-4gb-ram-negro-n2rgyx?qid=f576cf26a7a53abe6fecc01ab946fd34&oid=SA026EL185SOOLPE&position=77&sku=SA026EL185SOOLPE;8ceff43560452be4441cb85381bd4716-catalog.jpg
Samsung Galaxy A30s 64GB 4GB RAM + MICA...;S/ 795.00;Celulares y Tablets;https:/p/samsung-galaxy-a30s-64gb-4gb-ram-mica-vidrio-9d-negro-n4k106?qid=f576cf26a7a53abe6fecc01ab946fd34&oid=SA026EL16NRJOLPE&position=78&sku=SA026EL16NRJOLPE;023b7e3a90ff9a6ac0f8be1534437006-catalog.jpg
Samsung Galaxy A51 128GB/GB - NEGRO;S/ 1,129.00;Celulares y Tablets;https:/p/samsung-galaxy-a51-128gb-gb-negro-n52e8y?qid=f576cf26a7a53abe6fecc01ab946fd34&oid=SA026EL169HIELPE&position=79&sku=SA026EL169HIELPE;e564e43a11848cddeddf2ee39dbcda03-catalog.jpg
Galaxy A50- 128GB - 4RAM- NEGRO;S/ 999.00;Celulares y Tablets;https:/p/galaxy-a50-128gb-4ram-negro-qcljez?qid=f576cf26a7a53abe6fecc01ab946fd34&oid=SA026EL0XXITMLPE&position=80&sku=SA026EL0XXITMLPE;f6c3e0016ee849fbf48c17e4cddebde4-catalog.jpg
Samsung Galaxy A70 128 GB 6 GB Dual Sim-...;S/ 1,239.00;Celulares y Tablets;https:/p/samsung-galaxy-a70-128-gb-6-gb-dual-sim-azul-qg9nnk?qid=f576cf26a7a53abe6fecc01ab946fd34&oid=SA026EL0TSVCALPE&position=81&sku=SA026EL0TSVCALPE;f655f6a417d86ce5379061bf070f35ba-catalog.jpg
Xiaomi Mi Note 10 PRO 256GB/8GB VERSION...;S/ 2,189.99;Celulares y Tablets;https:/p/xiaomi-mi-note-10-pro-256gb-8gb-version-global-dual-sim-negro-s0quv5?qid=f576cf26a7a53abe6fecc01ab946fd34&oid=SA026EL0QVPMGLPE&position=82&sku=SA026EL0QVPMGLPE;f7e4362b6184a050cea42310c7a5c0de-catalog.jpg
Samsung Galaxy A70 128GB RAM 6GB - Negro;S/ 1,239.00;Celulares y Tablets;https:/p/samsung-galaxy-a70-128gb-ram-6gb-negro-s2mac8?qid=f576cf26a7a53abe6fecc01ab946fd34&oid=SA026EL0P20VMLPE&position=83&sku=SA026EL0P20VMLPE;2985345b0b4fd9391d62dbdfc1982892-catalog.jpg
Galaxy Tab S5E 10.5' Gold;S/ 1,299.00;Celulares y Tablets;https:/p/galaxy-tab-s5e-105-gold-tn56g5?qid=f576cf26a7a53abe6fecc01ab946fd34&oid=SA026EL0MM1OGLPE&position=84&sku=SA026EL0MM1OGLPE;a36b1139649e51df75e278d980e74baa-catalog.jpg
SAMSUNG A51 128GB - BLANCO;S/ 1,077.00;Celulares y Tablets;https:/p/samsung-a51-128gb-blanco-tn1u58?qid=f576cf26a7a53abe6fecc01ab946fd34&oid=SA026EL0M218MLPE&position=85&sku=SA026EL0M218MLPE;aee4a61c8d8dd682b12fad952d169604-catalog.jpg
Samsung Galaxy A70 128GB RAM 6GB - Negro;S/ 1,239.00;Celulares y Tablets;https:/p/samsung-galaxy-a70-128gb-ram-6gb-negro-vd3kfu?qid=f576cf26a7a53abe6fecc01ab946fd34&oid=SA026EL0E5KSILPE&position=86&sku=SA026EL0E5KSILPE;ea2ede57af90a8a1258a52eb18bc6d2a-catalog.jpg
Samsung Galaxy S10+ Plus 128GB/8GB - Bla...;S/ 2,749.00;Celulares y Tablets;https:/p/samsung-galaxy-s10-plus-128gb-8gb-blanco-vere00?qid=f576cf26a7a53abe6fecc01ab946fd34&oid=SA026EL0CAXKULPE&position=87&sku=SA026EL0CAXKULPE;9e19cea65ae4d576b1499a5f135623b6-catalog.jpg
Samsung Galaxy Watch 46mm Silver Reloj S...;S/ 1,289.00;Celulares y Tablets;https:/p/samsung-galaxy-watch-46mm-silver-reloj-smartwatch-w-bluetooth-vevjpm?qid=f576cf26a7a53abe6fecc01ab946fd34&oid=SA026EL0C3OAQLPE&position=88&sku=SA026EL0C3OAQLPE;fa1b3decf0dd074d5402a9b7e8c36599-catalog.jpg
Samsung Galaxy S20 Plus 128GB 8GB RAM -...;S/ 3,899.00;Celulares y Tablets;https:/p/samsung-galaxy-s20-plus-128gb-8gb-ram-negro-wxifla?qid=f576cf26a7a53abe6fecc01ab946fd34&oid=SA026EL0AVD92LPE&position=89&sku=SA026EL0AVD92LPE;8227243458cf72124bd07fc690100aeb-catalog.jpg
Samsung Galaxy S10+ Plus Azul 128GB 8GB...;S/ 2,399.00;Celulares y Tablets;https:/p/samsung-galaxy-s10-plus-azul-128gb-8gb-ram-wzy8to?qid=f576cf26a7a53abe6fecc01ab946fd34&oid=SA026EL08QUROLPE&position=90&sku=SA026EL08QUROLPE;8adf53b2291989109c90aab69336cd98-catalog.jpg
Samsung Galaxy A80 128GB RAM 8GB - BLANC...;S/ 1,769.00;Celulares y Tablets;https:/p/samsung-galaxy-a80-128gb-ram-8gb-blanco-x0j54o?qid=f576cf26a7a53abe6fecc01ab946fd34&oid=SA026EL088GW6LPE&position=91&sku=SA026EL088GW6LPE;9d589fb49a658cd6fcdbbd8ec0428172-catalog.jpg
Samsung Galaxy S10 128GB Ram 8GB-Negro;S/ 2,399.00;Celulares y Tablets;https:/p/samsung-galaxy-s10-128gb-ram-8gb-negro-x2enpk?qid=f576cf26a7a53abe6fecc01ab946fd34&oid=SA026EL067PWALPE&position=92&sku=SA026EL067PWALPE;7065eb7089d8ce8f622941444f6ed785-catalog.jpg
Huawei Y9 Prime 2019 128GB Azul;S/ 823.00;Celulares y Tablets;https:/p/huawei-y9-prime-2019-128gb-azul-js7dok?qid=f576cf26a7a53abe6fecc01ab946fd34&oid=HU445EL1JWIZALPE&position=93&sku=HU445EL1JWIZALPE;e51bee0a13ac4645d96c561f177c9a5a-catalog.jpg
Xiaomi Mi 9T 128GB/6GB VERSION GLOBAL Du...;S/ 1,218.99;Celulares y Tablets;https:/p/xiaomi-mi-9t-128gb-6gb-version-global-dual-sim-negro-jsy8im?qid=f576cf26a7a53abe6fecc01ab946fd34&oid=HU445EL1J626QLPE&position=94&sku=HU445EL1J626QLPE;6cf2f781ac0208f9760fcd7bc0b7a815-catalog.jpg
Huawei P30 128GB Ram 6GB Dual Sim - Brea...;S/ 1,948.99;Celulares y Tablets;https:/p/huawei-p30-128gb-ram-6gb-dual-sim-breathing-crystal-lddcxe?qid=f576cf26a7a53abe6fecc01ab946fd34&oid=HU445EL1FVEFYLPE&position=95&sku=HU445EL1FVEFYLPE;d148c36102eb8ff5208cbded6abd8ad1-catalog.jpg
HUAWEI Y6 2019 - 32GB - 2RAM + VIDRIO 6D...;S/ 459.00;Celulares y Tablets;https:/p/huawei-y6-2019-32gb-2ram-vidrio-6d-curva-negro-n4lp8g?qid=f576cf26a7a53abe6fecc01ab946fd34&oid=HU445EL16BDPELPE&position=96&sku=HU445EL16BDPELPE;ebcf33702254a2762afe7f1797ebdb68-catalog.jpg
Huawei P30 Lite 128GB - Negro;S/ 899.00;Celulares y Tablets;https:/p/huawei-p30-lite-128gb-negro-qc07oq?qid=f576cf26a7a53abe6fecc01ab946fd34&oid=HU445EL0YDLAMLPE&position=97&sku=HU445EL0YDLAMLPE;ac9e2c95d3e80ad07460a84a2f9a5894-catalog.jpg
Huawei nova 5T 128GB 8GB NEGRO;S/ 1,375.00;Celulares y Tablets;https:/p/huawei-nova-5t-128gb-8gb-negro-s04jlo?qid=f576cf26a7a53abe6fecc01ab946fd34&oid=HU445EL0RNNQ6LPE&position=98&sku=HU445EL0RNNQ6LPE;eb8c89080b412c3f3767caff1cd20a8b-catalog.jpg
Huawei Y9s 128GB RAM 6GB- Negro;S/ 969.00;Celulares y Tablets;https:/p/huawei-y9s-128gb-ram-6gb-negro-s1bvt6?qid=f576cf26a7a53abe6fecc01ab946fd34&oid=HU445EL0Q9W26LPE&position=99&sku=HU445EL0Q9W26LPE;837a314174443876dcc4cf53450e2178-catalog.jpg
Xiaomi Mi 9T 128GB/6GB VERSION GLOBAL Du...;S/ 1,218.99;Celulares y Tablets;https:/p/xiaomi-mi-9t-128gb-6gb-version-global-dual-sim-azul-vbwc59?qid=f576cf26a7a53abe6fecc01ab946fd34&oid=HU445EL0F39IULPE&position=100&sku=HU445EL0F39IULPE;faa6c60d311a68c0cb297b8f4a8655df-catalog.jpg
Huawei P30 Pro 256gb 8gb Ram Naranja Lav...;S/ 2,849.00;Celulares y Tablets;https:/p/huawei-p30-pro-256gb-8gb-ram-naranja-lava-liberado-veso9w?qid=f576cf26a7a53abe6fecc01ab946fd34&oid=HU445EL0CHFZGLPE&position=101&sku=HU445EL0CHFZGLPE;fc57ea9c322c68e3128a099621c67e75-catalog.jpg
Huawei Mate 20 PRO 128GB NEGRO + 2 Mini...;S/ 2,199.00;Celulares y Tablets;https:/p/huawei-mate-20-pro-128gb-negro-2-mini-speakers-de-regalo-ylqonf?qid=f576cf26a7a53abe6fecc01ab946fd34&oid=HU445EL04LREOLPE&position=102&sku=HU445EL04LREOLPE;de5a4ef00daa41b4cfb0e78b7d8b552d-catalog.jpg
Combo: SmartWatch GT2 Cuero Marron + Fre...;S/ 999.00;Celulares y Tablets;https:/p/combo-smartwatch-gt2-cuero-marron-free-buds-3-huawei-ymvtci?qid=f576cf26a7a53abe6fecc01ab946fd34&oid=HU445EL03JCGULPE&position=103&sku=HU445EL03JCGULPE;33e0e096ee3e5d6103180b38f1615b39-catalog.jpg
Huawei P30 Lite 128GB-Black;S/ 913.00;Celulares y Tablets;https:/p/huawei-p30-lite-128gb-black-ynkkma?qid=f576cf26a7a53abe6fecc01ab946fd34&oid=HU445EL02FS82LPE&position=104&sku=HU445EL02FS82LPE;a9dfe0ced4a1952eee33261b71b31607-catalog.jpg
ASUS ROG Phone II (Dual SIM) 512GB - Bla...;S/ 4,329.00;Celulares y Tablets;https:/p/asus-rog-phone-ii-dual-sim-512gb-black-os3nki?qid=f576cf26a7a53abe6fecc01ab946fd34&oid=AS282EL10E1MCLPE&position=105&sku=AS282EL10E1MCLPE;adcf31a1d5dc5d81446ae6b3141fec66-catalog.jpg
iPad Apple 10.2 WI-Fi 32 GB 7th Generaci...;S/ 1,385.00;Celulares y Tablets;https:/p/ipad-apple-102-wi-fi-32-gb-7th-generacio-n-gris-espacial-jpvu0y?qid=f576cf26a7a53abe6fecc01ab946fd34&oid=AP032EL1LSOTWLPE&position=106&sku=AP032EL1LSOTWLPE;65f5a920250e8441e8cf2e62af5001f4-catalog.jpg
iPhone 11 Pro Max 256gb Sellado Color Sp...;S/ 5,749.00;Celulares y Tablets;https:/p/iphone-11-pro-max-256gb-sellado-color-space-gray-lf5f8m?qid=f576cf26a7a53abe6fecc01ab946fd34&oid=AP032EL1E7MFQLPE&position=107&sku=AP032EL1E7MFQLPE;b08f7c756f446cde8a51c7aa3f95dbe9-catalog.jpg
"Apple iPad Pro 12.9"" (Wi-Fi + 4G LTE) 51...";S/ 6,729.00;Celulares y Tablets;https:/p/apple-ipad-pro-129-wi-fi-4g-lte-512gb-silver-mzsu74?qid=f576cf26a7a53abe6fecc01ab946fd34&oid=AP032EL1BEKB8LPE&position=108&sku=AP032EL1BEKB8LPE;dce374d14f8267e697216ff05c3c2a33-catalog.jpg
iPad Apple 10.2 WI-Fi 32 GB 7th Generaci...;S/ 1,449.00;Celulares y Tablets;https:/p/ipad-apple-102-wi-fi-32-gb-7th-generacio-n-gris-espacial-case-negro-mzr616?qid=f576cf26a7a53abe6fecc01ab946fd34&oid=AP032EL1B7VVOLPE&position=109&sku=AP032EL1B7VVOLPE;de403c92acd25c46847bb0b2b0e2a81a-catalog.jpg
Apple iPhone 11 64GB -  Blanco;S/ 3,279.00;Celulares y Tablets;https:/p/apple-iphone-11-64gb-blanco-osl7ih?qid=f576cf26a7a53abe6fecc01ab946fd34&oid=AP032EL0ZSZZMLPE&position=110&sku=AP032EL0ZSZZMLPE;69085863d200b159aedb6de28372c973-catalog.jpg
IPHONE 11 PRO 64GB - NEGRO;S/ 4,299.00;Celulares y Tablets;https:/p/iphone-11-pro-64gb-negro-qaskor?qid=f576cf26a7a53abe6fecc01ab946fd34&oid=AP032EL0ZLU9ULPE&position=111&sku=AP032EL0ZLU9ULPE;872a49ee01317fa8fb692549376bab0b-catalog.jpg
Apple iPhone 11 Pro 64GB - Silver;S/ 4,779.00;Celulares y Tablets;https:/p/apple-iphone-11-pro-64gb-silver-qeg39i?qid=f576cf26a7a53abe6fecc01ab946fd34&oid=AP032EL0VZV6CLPE&position=112&sku=AP032EL0VZV6CLPE;f75d5efb3680365f75c6e30aebe7564f-catalog.jpg
Apple iPhone 11 256GB - Green;S/ 4,099.00;Celulares y Tablets;https:/p/apple-iphone-11-256gb-green-s074xy?qid=f576cf26a7a53abe6fecc01ab946fd34&oid=AP032EL0RTTXWLPE&position=113&sku=AP032EL0RTTXWLPE;7637096b537d36e4581df295c2e80446-catalog.jpg
Iphone 11 Pro Max 512gb Triple Camara Li...;S/ 5,890.00;Celulares y Tablets;https:/p/iphone-11-pro-max-512gb-triple-camara-libre-de-fabrica-plateado-s0p5wp?qid=f576cf26a7a53abe6fecc01ab946fd34&oid=AP032EL0QVGDELPE&position=114&sku=AP032EL0QVGDELPE;706bcd71a8148df1df3c98a66b930262-catalog.jpg
Apple iPhone 11 Pro Max 512GB - Midnight...;S/ 6,829.00;Celulares y Tablets;https:/p/apple-iphone-11-pro-max-512gb-midnight-green-vbv9ja?qid=f576cf26a7a53abe6fecc01ab946fd34&oid=AP032EL0FBQ8KLPE&position=115&sku=AP032EL0FBQ8KLPE;1169bdc08e89fab24e90fc572db94712-catalog.jpg
Iphone 11 Pro 64GB - Negro;S/ 4,239.00;Celulares y Tablets;https:/p/iphone-11-pro-64gb-negro-wxjeaq?qid=f576cf26a7a53abe6fecc01ab946fd34&oid=AP032EL0AYHWMLPE&position=116&sku=AP032EL0AYHWMLPE;54228fde7076a0e15eec88665119bbd5-catalog.jpg
IPHONE 11 PRO 64GB - NEGRO;S/ 4,699.00;Celulares y Tablets;https:/p/iphone-11-pro-64gb-negro-wyqh79?qid=f576cf26a7a53abe6fecc01ab946fd34&oid=AP032EL09Y1BULPE&position=117&sku=AP032EL09Y1BULPE;c9f44a320ac06bf25f126e371948c9a6-catalog.jpg
Xiaomi Mi Note 10 Pro 8gb Ram 256gb Negr...;S/ 2,199.00;Celulares y Tablets;https:/p/xiaomi-mi-note-10-pro-8gb-ram-256gb-negro-lgcfsy?qid=f576cf26a7a53abe6fecc01ab946fd34&oid=7NMND5X504Z5261332900173&position=118&sku=XI061EL1DE8KELPE;c3138e9cbf5307a7579026cc3f72ab1c-catalog.jpg
Xiaomi Redmi Note 8 Pro 64GB 6GB RAM  M1...;S/ 999.00;Celulares y Tablets;https:/p/xiaomi-redmi-note-8-pro-64gb-6gb-ram-m1906g7g-blanco-os1ure?qid=f576cf26a7a53abe6fecc01ab946fd34&oid=70JTE3H355Y4%206941059634638&position=119&sku=XI061EL10CXNGLPE;7f1a91ba469790e79421001287545b2b-catalog.jpg
Samsung Galaxy Note 10+ Plus 256GB/12GB...;S/ 3,489.00;Celulares y Tablets;https:/p/samsung-galaxy-note-10-plus-256gb-12gb-dual-sim-negro-lgz3ew?qid=f576cf26a7a53abe6fecc01ab946fd34&oid=6WK2K564W5F78806090009020&position=120&sku=SA026EL1CN3PGLPE;6547588e4c570fb92bb75cb84149c243-catalog.jpg
Xiaomi Redmi Note 8 pro 6gb-128gb -versi...;S/ 939.00;Celulares y Tablets;https:/p/xiaomi-redmi-note-8-pro-6gb-128gb-version-global-verde-op4dnc?qid=77d15a83194f6ff72759d46241a305e4&oid=6T6EW68H5K2V6941059629658&position=121&sku=XI061EL13P010LPE;b308401216612e27fab82ac9bf742b8f-catalog.jpg
Xiaomi Redmi Note 8 pro 6gb-128gb -versi...;S/ 939.00;Celulares y Tablets;https:/p/xiaomi-redmi-note-8-pro-6gb-128gb-version-global-ori42g?qid=77d15a83194f6ff72759d46241a305e4&oid=6S69W1Y5M5W16941059629665&position=122&sku=XI061EL11B9LWLPE;f032d729bd43ed5e993162eb2d5e1a2e-catalog.jpg
Huawei p30 pro 8gb ram 256gb piedra luna;S/ 2,829.00;Celulares y Tablets;https:/p/huawei-p30-pro-8gb-ram-256gb-piedra-luna-s36ji6?qid=77d15a83194f6ff72759d46241a305e4&oid=678W1W1Y2N528021735750406&position=123&sku=HU445EL0OHK5OLPE;d93875677ff0ef65a62a6595f8fa4eeb-catalog.jpg
Samsung Galaxy S10 128GB RAM 8GB - Verde;S/ 2,449.00;Celulares y Tablets;https:/p/samsung-galaxy-s10-128gb-ram-8gb-verde-ykks7k?qid=77d15a83194f6ff72759d46241a305e4&oid=53D5Z7N1D1958801643695774&position=124&sku=SA026EL05GY0ALPE;ea985ea4278b1f8f64ed8f121e654508-catalog.jpg
Huawei P Smart 2019 64gb 3gb ram negro;S/ 629.00;Celulares y Tablets;https:/p/huawei-p-smart-2019-64gb-3gb-ram-negro-tqqidn?qid=77d15a83194f6ff72759d46241a305e4&oid=4KJYM17F27685900495723383&position=125&sku=HU445EL0IHGFYLPE;c18596140f493ccefc208ac44bd8b0a2-catalog.jpg
Xiaomi Mi A3 128GB 4GB RAM 48MP- Gris;S/ 799.00;Celulares y Tablets;https:/p/xiaomi-mi-a3-128gb-4gb-ram-48mp-gris-ymc9o1?qid=77d15a83194f6ff72759d46241a305e4&oid=6CVF03V4T2F56941059626312&position=126&sku=XI061EL03YSPKLPE;9ef24455ae49b4f62ec5ba3a3e1e8c70-catalog.jpg
Huawei P30 128gb Ram 6gb - Negro;S/ 1,875.00;Celulares y Tablets;https:/p/huawei-p30-128gb-ram-6gb-negro-rzm4ss?qid=77d15a83194f6ff72759d46241a305e4&oid=573P8384C6AK6901443280735&position=127&sku=HU445EL0S6V82LPE;42cb8a63f0b1f75bfcfea68e6bb15fe1-catalog.jpg
Xiaomi Redmi Note 8 PRO 128GB/6GB - Verd...;S/ 1,149.00;Celulares y Tablets;https:/p/xiaomi-redmi-note-8-pro-128gb-6gb-verde-lgya2w?qid=77d15a83194f6ff72759d46241a305e4&oid=XI061EL1CQTNYLPE&position=128&sku=XI061EL1CQTNYLPE;853fcbbdc412210df7a52cc6e754507d-catalog.jpg
Xiaomi Redmi Note 8 4GB X 64GB Global 48...;S/ 699.90;Celulares y Tablets;https:/p/xiaomi-redmi-note-8-4gb-x-64gb-global-48mp-4000mah-azul-vidrio-templado-9d-lh12en?qid=77d15a83194f6ff72759d46241a305e4&oid=XI061EL1CKCEGLPE&position=129&sku=XI061EL1CKCEGLPE;e684fb6447da9b270c0746562c205a57-catalog.jpg
Xiaomi Redmi 8 3GB RAM+32GB ROM Dual SIM...;S/ 483.00;Celulares y Tablets;https:/p/xiaomi-redmi-8-3gb-ram-32gb-rom-dual-sim-tele-fono-inteligente-negro-n3xsuw?qid=77d15a83194f6ff72759d46241a305e4&oid=XI061EL176HXGLPE&position=130&sku=XI061EL176HXGLPE;8632a75d406316b8be3b615303b8efd4-catalog.jpg
Xiaomi Mi A3 128GB 4GB RAM 48MP- Azul;S/ 799.00;Celulares y Tablets;https:/p/xiaomi-mi-a3-128gb-4gb-ram-48mp-azul-oppmb5?qid=77d15a83194f6ff72759d46241a305e4&oid=XI061EL133DEGLPE&position=131&sku=XI061EL133DEGLPE;80c540109015791622f4c984210b811a-catalog.jpg
Celular Redmi Note 8 64GB Azul Quad-Cáma...;S/ 749.00;Celulares y Tablets;https:/p/celular-redmi-note-8-64gb-azul-quad-ca-mara-tqpgjy?qid=77d15a83194f6ff72759d46241a305e4&oid=XI061EL0ILF9WLPE&position=132&sku=XI061EL0ILF9WLPE;640516a8ce23330c0fcd01ad9c3ddb63-catalog.jpg
Celular Xiaomi Redmi Note 8 PRO Negro 64...;S/ 1,099.00;Celulares y Tablets;https:/p/celular-xiaomi-redmi-note-8-pro-negro-64gb-quad-cama-ra-64mp-ymc4av?qid=77d15a83194f6ff72759d46241a305e4&oid=XI061EL03NGU8LPE&position=133&sku=XI061EL03NGU8LPE;6d3f9b0d87b97df10fa585bd87328e10-catalog.jpg
Audífonos inalámbricos con Bluetooth WH-...;S/ 399.00;Celulares y Tablets;https:/p/audi-fonos-inala-mbricos-con-bluetooth-wh-xb700-negro-opp7mh?qid=77d15a83194f6ff72759d46241a305e4&oid=SO029EL139MV4LPE&position=134&sku=SO029EL139MV4LPE;9d4e2f1e7f0e6945784c446563f79593-catalog.jpg
Sony Xperia XA 16GB - NEGRO;S/ 315.00;Celulares y Tablets;https:/p/sony-xperia-xa-16gb-negro-tmhbnw?qid=77d15a83194f6ff72759d46241a305e4&oid=SO029EL0N1QVYLPE&position=135&sku=SO029EL0N1QVYLPE;196ebc41dd441864c490e66d12c9b776-catalog.jpg
